"03b8dac6-251d-4f68-a6b6-94e68bc3cae9","Peggy Alvarez"
"0461b1ef-1b20-4cb7-b876-b54d90857b2c","Kendra White"
"06aa1f02-2f2b-4d21-a5b4-1b44b5b42913","Patricia Walker"
"0a888192-7475-47d4-a799-792be1eb5d8f","Gail Mcknight"
"0c5ae781-a763-4ef9-8267-5754e4890009","Ashley Holmes"
"0d11c595-fd95-4eae-a58f-0f51668bc81b","Jason Drake"
"0ec1bcee-d649-4fd8-a161-35f62f49e5b3","Brittany Warren"
"12f6fb2a-5c83-4615-8183-076005fd0c87","Virginia Wise"
"158d4c38-0d26-4bb1-8ba0-80db7c07f7fd","Gregory Gabrielle"
"1714dfe5-72ed-4d7b-a885-b3f2288ce5f2","Troy Smith"
"172c91af-ca59-479a-878a-68f4cfa2fb66","John Johnson"
"173ee7e3-240f-4105-a8dd-c0b24a6b7b48","Sonya Wright"
"17602b88-467d-4b9d-960c-7cd0e8fe2ada","Michael Wilson"
"1ddc692c-04ec-4dbd-b86f-14c7edc4fa46","Alan Mann"
"1ef4dd3a-77b5-4210-830c-c86d02aba451","Pamela Vaughn"
"25241251-4bd7-438b-ad71-2d43259b47c8","Adam Hall"
"275cba16-160e-4f95-985c-e8798bba231c","Julie James"
"2b09c79c-9097-4e78-af32-d45ad819eb0c","Karen Bowers"
"2c7a1b05-a16e-48b6-a41a-60168d1b3f4c","Ethan Rodgers"
"305123c0-bef2-4543-95c3-2d6bee5a4af8","Tiffany Kramer"
"35aef3f2-d288-4b31-a921-f592326bff54","Ryan Sparks"
"364536fb-bae7-49dc-9e62-9c376a32038b","Deanna Medina"
"3ab87d30-27c1-4b61-92e7-b553695c09ee","Courtney Gomez"
"3f330c90-1a7d-4411-a81b-8208dc699a52","Carolyn Austin"
"400cd30b-bd14-4225-977f-8cca3541832c","Lori Sawyer"
"40b80ce5-1779-4f81-adbd-2c9ae116b16c","Matthew Thomas"
"4461a12b-d18f-41a4-b4bc-1a6ff613b154","Amber Brown"
"460625b9-68cf-427f-93a8-b5a264c3d1f3","Matthew Marshall"
"468dc9f0-0d74-4095-823b-0b9bc6612259","Tara Mcgee"
"46f25b31-2b15-4e46-b5d5-aa0d0cd4d19e","Amanda Medina"
"4719a431-72a4-4db7-87ec-090cb5f8f019","Kevin Cook"
"4a63690f-e8c9-4d36-b7d8-079bb4f696ac","Angela Camacho"
"4fdbd7c8-754d-4ca7-a9f4-36a91cce7bc7","Angela Williams"
"53819c17-6e5b-4015-9639-a81c10b1dda2","Jessica Hansen"
"5535e736-9bb4-4d70-af61-b73302f73078","Chad Williams"
"55f4ed35-f474-46a8-9823-1f97d5511c7b","Erika Pope"
"59355ed4-e6fc-40dd-ba37-4f172a203ab3","Sherry Williams"
"5c57e5b3-93f8-4ffd-a7dc-a8d695aba0a5","Clifford Stevens"
"5c5ef5e6-8853-40ab-bc01-f8713f605cb3","Raymond Summers"
"5d280a19-c63b-4202-8bdf-53626a06d310","Frederick Shannon"
"5d5b3938-effe-44fc-9b2a-085a5be2a41d","Jennifer Berry"
"5e364e2b-58b1-42d7-99e5-f7716fe4b713","Erin Golden"
"5fc6ce85-c71d-4102-b0b6-57d12b1a822d","Robert Calderon"
"61c282ba-febe-4e05-b3c0-b0c5d21d7364","Troy Gilbert"
"6400c8b5-cd9c-47ee-a404-2accdec8ef48","Richard Bond"
"6ca9fb45-0521-48e9-a368-7f1b3c2dc78d","William Love"
"6e1867f0-ee0c-4517-ad66-aedd04fccc58","Lance Drake"
"753b941c-9e6e-40ca-aec2-c6dbc814e6ef","Crystal West"
"75e0d737-e92b-4538-b0b4-0432fe0209fc","Angela Macdonald"
"7701827c-f31f-454e-8d22-856b752c5eb0","Steven Rojas"
"7a6b4f00-7fe5-4eb3-a030-159d6ec7c290","Megan Duke"
"7ad12f7f-6ba9-4f15-8a42-8c3f3d64b291","Rachel Johnson"
"7bc390d2-ba97-460d-8c33-4e8d2f56bef4","Keith Ray"
"7d329ae8-822d-4645-a76a-c669b01aafcf","Craig Moore"
"813006d2-10b1-4fb4-8d5e-bcfacd74756a","Nicole Singh"
"86a7221f-d428-49ac-98b7-ee72696de652","Sharon Campbell"
"87e1cba6-f01c-4515-8ef4-a36ed184e4ca","David Howard"
"8a36f8eb-3498-4f07-828f-20ae1597e045","Jason Murray"
"8cdb3ba6-d766-485e-b5d0-bb06b2a9fdfc","Jackie Gonzalez"
"8cf317d9-4a9f-4a8a-9098-cb36dd85b132","Jennifer York"
"8e48c496-0d3f-4d49-8bfe-62f0b6d96259","Stacy Brooks"
"8f0837c9-9529-4038-bee9-1c638ffd514e","Jack Benjamin"
"93e51185-cd50-4d0a-93cc-32b68f0340de","Paul Best"
"974e7d04-6324-4594-80fd-c52839c7bc94","Timothy Butler"
"9adde507-3841-4cea-8c49-d2c7b7f8ec73","Alexis Baldwin"
"9b0eb4e6-3c7c-491e-8993-23995d15f07e","Alan Clark"
"9f1ae322-e2ea-4acf-9560-300f2e22e2ef","Robin Phillips"
"a3de75c3-1c69-4074-8aa3-f3e287adb83e","Shirley Jackson"
"acba8653-d419-4749-a288-c0d354d87015","Joseph Harris"
"ae562106-6a1a-42de-8e7a-bdbb64758b72","Brian Burns"
"b0344b8f-ff68-4152-9b09-2417c52b6c2e","Jonathan Cooper"
"b57c1907-9922-4343-a432-4de5ebce55cf","David Mckinney"
"b61c250a-bf69-4066-91ec-113269b62d5f","Juan Knight"
"b7e95a6e-64c7-47cb-b4ba-c7ca58a79129","Ethan Nelson"
"b9e1e8a5-03a3-45f2-8a9d-01320540ce9c","Jason Mora"
"bb06ea5c-c33f-49d4-99ab-ebc935938a6e","Charles Lucas"
"bc0fb1c9-36a6-41f1-be6f-4057aa9fdcf3","Keith Hull"
"c221ea99-9287-4cad-a672-65ebe5c188a4","Chase Stewart"
"c8d0dd4d-b2e5-49a2-9860-ba6fa555103f","Sarah Lara"
"c8e459a8-9fa1-4997-89c4-0d228dcc17a2","Danny Smith"
"cd84b5f4-eebd-4f83-8bfa-defc81bfd9ec","Thomas White"
"cec02220-06a6-4538-a75a-1307e72eef2e","Hannah Smith"
"cf495f35-b085-4801-8355-a24af533e81f","Stephen Ford"
"cf96a1b2-b26d-483d-b5bc-ee2881b1b873","Jamie Kramer"
"d0a135e6-1a41-457c-a4d2-126a36de0b16","Amber Dickerson"
"d0d6ecce-f250-4341-b10f-55196f53f4ac","Edward Johnson"
"d1811318-a057-46bb-ab7c-2c542098ac6f","Amy Hughes"
"d366bcc5-f5af-4526-b1eb-f3d8a055b158","Robert Mckinney"
"d471cf1f-8e72-47b9-a621-42d69c406679","Shannon Ross"
"dbbe5efc-f48c-4cd6-8972-0ebe2b609555","Thomas Ramos"
"dfaaff7a-99db-4deb-b0ad-9faf0ee7a0fa","Peggy Wyatt"
"e1322711-fb38-4f6d-9e43-a5d881ebad5d","Pamela Wood"
"e1de1bb6-fc62-4886-a8fb-cd5bbb86e03e","Sandra Roth"
"e3358bb9-499c-4ec0-88b4-a8953d38307c","Christopher Campbell"
"e8b75804-cf67-4d39-a833-ba3fa890bb9c","Nicole Johnson"
"e98fa453-eb8e-4b78-9e82-49cc083cdc73","Robert Floyd"
"f2e02a10-74c8-4b7a-b58e-9c868895a3b9","Jason Reed"
"f3f4bbf5-b3be-417b-9407-355631f9dd86","Adrienne Jones"
"fa24974d-6231-44ad-b968-73b02da34905","Gregory Pena"
"fda4721b-d2dd-4a46-b2ce-f4b81fe41457","Henry Villarreal"
"00bad54a-d745-4d94-9df1-b7bbdbac6b6c","Jason Bailey"
"00c3315d-c270-4e34-b5a0-b75bced85f63","Michael Howard"
"00dd13eb-db65-4b2f-bc3c-f2be76f5710d","Breanna Blair"
"0196de45-ec8d-49dd-910f-8f05b9478cab","Gary Singleton"
"022b7d23-4d99-467a-8f60-9c3539cfe688","Lauren Patel"
"032601a0-31ae-48a0-9e87-9318a90cc344","Gregory Turner"
"041871eb-75c7-46e2-afb4-a2714cd7fdfa","Juan Gonzalez"
"044cb43d-66f1-4837-ab1d-be4803b4eb3d","Wayne Henry"
"060de380-5369-47c4-85de-23a0bd5ea0bc","Diane Armstrong"
"06fc3863-e35d-4cdd-bf1e-e63c8f7566a7","Sonya Torres"
"075cfed6-291b-4b28-9e33-104c74850337","Teresa Holt"
"07c61c91-78bb-4c9b-bcb1-aeb421557b95","Pamela Holloway"
"08caff94-7918-4dc7-b877-10c90c089707","Amanda Clarke"
"09d37fd2-1aa1-419f-8c3b-297c67e9243a","Daryl Ortiz"
"0e6f9c16-ba36-4ea4-8044-7acf74fe66a2","Alexis Rivera"
"10a9166b-0dc7-4491-8cf4-8c414a325116","Jeremiah Cook"
"10d3d8f0-dd84-4f91-9b15-a71aee48f2e7","Walter Adams"
"1287dd43-f7f6-43e6-bf5d-0f648157fd7b","Gail Torres"
"12d975b9-fcee-4cc3-813d-619eeffae091","Sandra Hansen"
"13a0708a-38b9-457b-bb7a-a1c6cfc4c6cb","Cassandra Stark"
"147d7e75-39ad-400b-b5e5-675807e0c63b","Johnny Gibson"
"14f1daf2-83fc-4d1d-a1b8-3f94deb30a7c","Raymond Rivera"
"165c458b-b632-47f9-90a4-21e78b99fb15","Christopher Roberson"
"181caf29-c5c8-4217-b2ab-76f8204d8ff7","Patrick Simon"
"1a7c5aea-4e8f-40cd-9d8f-3c2e0f5a0ae9","Jessica Parker"
"1b6e568f-15bd-4b3e-a439-fc9052bdf8ea","Elizabeth Russell"
"1b70f5df-4e32-4ab5-baff-3725dc469379","Gary Smith"
"23c8d20d-7e95-4c89-8a60-1c0756c72e43","Donald Adams"
"24ae5fa8-8e5c-40d7-98c4-458a75fd2a36","Tonya Koch"
"261c1262-a263-4185-9a54-86bfcecad0d5","Taylor Mcbride"
"293d6188-5aba-4261-b3bc-ac042db87865","Kenneth Acevedo"
"2b6f88ad-cef8-43a3-ae0c-4f0f94a1bd94","Timothy Rivera"
"2e608940-266f-4fd0-b5c0-c9cc8c3b2c43","Daniel Austin"
"2f58e07a-412b-4e4b-bc9f-889e869b37a6","Joanne Phillips"
"2fdc1d07-c7ca-455b-84c1-2c630220abe9","Tonya Moore"
"2fdc9448-a999-499f-967d-62c0f4aac388","Joshua Leonard"
"301c2454-94b4-4799-b9f6-90bec5568fb0","Jason Kennedy"
"31dfb368-b098-4403-a617-d054ac595b9b","James Love"
"323cf156-84f3-45fe-909f-2f4c6eb7daa6","Juan Mullins"
"32e07d7a-2dc4-43de-8383-4212629be7af","Lori Mcgee"
"33615e14-9a48-4696-a9d5-a4dce831dfcd","Sonya Nelson"
"35113d12-a721-4d0d-8fc6-d3ee27112a9e","Jonathan Whitney"
"356bd0c2-9ee5-4fe2-8da2-e427f68aca53","Gail Wagner"
"371c6110-c0d9-4e97-a91c-6cfee5d95c0c","Dylan Ibarra"
"37b1c092-310b-4ca7-875e-1c9580be10a6","Cynthia Chavez"
"38596655-f9c6-4491-8a32-510044cb441c","Amber Vaughn"
"39099f96-2825-4bcd-bb73-7b5e81904d27","Becky Oneill"
"3a0c149b-719a-48b2-bcf9-7ae7d7764729","Emily Padilla"
"3a7f7ae4-7d51-49d2-89df-8ef4a09fd3e9","Miss Clark"
"3ac23a88-35e3-4d4a-93b9-279a26936085","Jennifer Green"
"3cbee19a-d211-40f4-b7cd-a69c4f152a83","Daniel Ramirez"
"3de182fe-0dbd-4fe0-a8e4-ca07ebd50ec4","Bryce Taylor"
"425416c0-05c3-4baf-b59b-e7c83ca12ca8","Michael Ibarra"
"43e2cbcf-9517-4a6d-a47f-007261406d69","Andrew Douglas"
"451a6f20-590d-47af-92cb-986b762c3501","Angela Romero"
"46c7441a-ebb6-4948-9e5b-e31b89bd13db","Megan Smith"
"47985eb4-2db9-4092-ada4-d1e653e6a22f","Matthew Stark"
"479a2105-81ce-4b50-9d0d-98822812831d","Jackson Calderon"
"4a5e2bdf-e477-4369-ba0c-ef2abc22a82c","Hannah Hernandez"
"4be07abd-75af-49be-953b-671969785f78","Heather Rivas"
"4c1ebfcb-9c27-43d7-b3bc-b92d132bb425","Amy Walker"
"4cdce797-0920-417b-8bff-59a3a4e4ccff","Brandi Johnson"
"4d7fdc6a-7aa3-420e-9b5a-d4f48f3ff519","Tammy Kennedy"
"4deb4759-e6bd-4e65-8301-30853ea61e14","William Sutton"
"51dc3a54-b1cc-4c01-9113-10799d260f6f","Kathleen Lowe"
"52c43d8e-be98-48fa-8d99-c82afc766b2e","Gary Cooper"
"5365dbe2-35fc-473e-afcd-15a6e424657e","Beth Cisneros"
"55778f1e-2c05-4e72-8496-cae53d94d44d","Kevin Holt"
"571bd3b0-f202-4927-93cd-dd485d2c12aa","Lisa Barrett"
"587f0aa7-7973-4772-a8ff-5391772aba63","Renee Gibson"
"589ad626-3fb7-4969-bc30-21cb053ed4ca","Ryan Miller"
"58bccdd5-3224-4023-9de6-4b6af8b9669a","Joseph Watts"
"5a73317b-358c-4652-a4a7-d5c0bd10dfc0","William Campos"
"5b1c4a06-012e-4128-8c9a-123002e0835b","Jamie Douglas"
"5b35d079-55f1-49fd-ba72-4e417491a7a5","Joanne Sheppard"
"5bf493a1-c93e-4c2d-92d6-4de5f8e9f0b4","Heather Martin"
"5c0b5e3f-603c-4520-973d-947449c74dbd","Shannon Johnson"
"5d10a578-d742-4a9f-9189-7532be12c715","Jeremiah Combs"
"5f532086-9084-44f3-a141-771bb923c79b","Matthew Evans"
"63243a59-0e5f-4621-9190-7aac45b23f41","Richard Rodriguez"
"64ad6611-f424-41c7-8c94-509bf57c2f5b","Hannah Russo"
"67af0c62-6e4c-4b55-ba63-419d92da0836","Thomas Love"
"69296b85-03b6-4e17-a13d-3f7a5c81c724","Rhonda Tyler"
"6977208e-3004-4faf-b430-8ab8c2f88e3b","Kenneth Gregory"
"7321fdaa-26e9-4d7b-af3d-530210bf23e3","Sheila Small"
"73a56ee3-2ff4-4a53-b829-63ba9260d3dd","Jennifer James"
"74369532-74fc-497a-ae95-036deb47bae8","Sydney Smith"
"77592965-d13d-4b3c-aa7b-2019c95c656d","William Chase"
"77fa8d7a-dea2-4cab-b8d2-201fd8ffced1","Kristy Ibarra"
"78bbc53e-8b06-444e-98e9-4c1c2c7e4ddc","Erin Ortiz"
"7936b80a-243d-4686-9079-2230ca8a3af5","Denise Jensen"
"7a198d55-7de0-48a1-a7c8-a1838630b18d","Donna Davis"
"7aa177fe-6127-4f80-aab0-abc2d0735e3e","Juan Walker"
"7ba12e14-24ff-46c2-a2e4-99074665646f","Ann Perry"
"7cbfc3e0-c4c5-4dea-9449-52c2cde8ba99","Brendan Walsh"
"7e3b4ecc-29da-480f-ac43-95fe31745f95","Courtney Clark"
"7e8d8dcd-a46a-4040-a66c-73ac9dff4f22","Mark Watkins"
"7ef7cfb1-7e47-41a1-92e0-d0ae31af3105","Stanley Gutierrez"
"7f9647d4-0432-43b9-a3cf-7327382d973c","Jill Butler"
"80a286c4-9845-4f89-82cd-1bfb2e2ebab1","Christopher Curry"
"819af02e-6cd8-479d-8ca0-98ae8bd54000","James Thomas"
"827b7d32-c811-4631-abd0-7774fa2da841","Angela Torres"
"82d0e73a-91af-409d-8306-2cb05615cc65","Benjamin Mccann"
"8523946a-1d3f-4f77-af95-cbeb6fbb1db6","Travis Robertson"
"866789ea-5d34-4e9b-9cb0-ac30bdcdbeb6","Joseph Mullen"
"87399832-0caf-4f6f-8423-976c3c8fe387","Eric Williams"
"87b2714f-ec5a-4fdd-a1a6-29671e14d960","Stacy Evans"
"8a8c4b83-ab0b-4378-b808-6fec007cff77","Devin Baker"
"8aadf8c3-a36c-40cc-93e1-9ca982637ee3","Caitlin Moore"
"8b1446e3-e71b-4aa3-9d58-66bd7d6d396e","Dominique Sullivan"
"8b79eda6-613a-4adf-94d6-c71816286041","Jason Murphy"
"8cac9611-a4a4-4425-831b-c1db9e99e4d1","Anthony Love"
"8cb31cd4-5a76-47d9-8896-88611b15b869","Leonard Smith"
"8d610885-eb9b-4dbc-8541-62265586f62e","Stephen Bennett"
"8ee6b455-c977-4fd0-89d8-73ec68209f9b","Anna Blankenship"
"8fd4f1e3-2210-4733-bfed-fc4a582f060e","John Arias"
"91b2f11f-b956-44b4-ad7a-e6e1c474d7c7","Ronnie Lane"
"93328430-629d-4e62-8ce6-b79a56ea7f9a","Peter Shannon"
"94757447-6b24-4518-acb2-0f941133cebb","Megan Parker"
"94921f3a-d819-43b5-b3f1-612a3122865d","Ryan Mora"
"959571d7-4995-45a5-8e65-aa67b88c66f3","Ryan May"
"96c28d0a-6592-4e5f-8f56-720d81b4bae1","Sarah Bauer"
"9f1bc343-16cb-4fb3-9524-ce39a9735c02","Dorothy Williams"
"9f61a608-f932-4d42-848f-4de92f44c8a5","Jonathan Thompson"
"a007e378-c7af-4e95-bcdd-bcf8fe017abd","Peter Ortiz"
"a119fbd6-24bf-480b-8890-9b156d3cbae4","John Perez"
"a2773fbe-0871-4b60-811f-8b5aa4d5af33","Hannah Campbell"
"a2bc4e06-3c99-443e-88b6-e3d8fe2ad1a2","Jessica Villarreal"
"a406f77c-255e-47ba-a51f-b9008c4f2828","Kathy Carroll"
"a46e11ac-df10-4fe0-b0d6-72e37775f074","Jessica Bailey"
"a5423848-a6de-4136-a801-18ec0a7b489c","Ashley Pierce"
"a6f2be84-1ef0-437e-9ada-2430a27e567a","Jon Stark"
"a70528bc-d36c-4abe-bc43-e722b1ae0b73","Malik Mitchell"
"a81e81b4-d29f-405a-be0b-e89dcf4d7f5e","Keith Santiago"
"a987ce8a-b02b-452c-8cd3-1900df5c5970","Mary Burke"
"aa8855bd-1c10-4271-bd86-85c9f7576490","Taylor Hall"
"ac58c0bd-dd83-4e3b-b912-9c7643693d78","Michael Cortez"
"ad90e964-3b6c-45b1-8415-33773aa79198","Robert Maldonado"
"b1dcfdd5-78a2-41f4-aae9-d53b16844058","Chelsey Chavez"
"b2a695d7-f1ea-4ee3-92e1-e8397c0d20c8","Justin Norman"
"b2ba084f-11cb-4f26-b242-3439709c4aa3","Thomas Lucas"
"b2c08851-1d30-4492-a2a2-aaee9e1dcbae","Kristy Hall"
"b366c329-8898-430c-877c-5a7b0e63c8a1","Alan Roberts"
"b40c7a45-f92b-4111-98be-8e8acc0a49b8","Thomas Johnson"
"b576a8f6-91b5-46f0-8689-74a86857b2bd","Noah Love"
"b5c20bca-82c3-4a8e-9da9-a3e8e0a69c4f","William Douglas"
"b63539f6-26ee-4d2f-a1b3-ab3e249effea","Amber Chang"
"b94c7776-3cd9-405f-b383-5183e96d160f","Beth Jones"
"bcb52c40-375f-4475-a56d-7d67c8a198f3","Erika Austin"
"be7feafe-4e15-49b1-b3a9-1b219aa98b58","Mariah Long"
"c2f7ad58-c4ca-43b4-a170-7eabe60f2caf","Walter Preston"
"c497b7b8-7b4a-4a14-9c56-65b094375e0e","Zoe Hernandez"
"c4cba600-4342-43e5-848e-52eee024f24b","Amanda Dunn"
"c5496bd1-b0c5-496c-8d1b-da5c9d46affb","Robin Rodriguez"
"c5f9966f-601d-4f6d-8168-956646e9cf0d","Scott Mills"
"c70ff1a2-4d54-4afa-8a50-f6196c0df55c","Kaitlyn Cortez"
"ca5eccd0-2765-4b73-bc02-d3f83cc52380","Terri Brown"
"ccf6cf31-6e28-4a6f-9828-31237f0ad36a","Heidi Long"
"cd3e1d49-81a6-4d83-9cae-e2f5f9b7090c","Manuel Berry"
"cfd66e36-c61c-4c30-89c1-5f1ef04379fa","Scott Shaw"
"d1262e31-1c6e-4423-933d-3d048083a79e","Kelly Jones"
"d12e0532-c102-489f-a28e-a71303eae71c","Briana Adams"
"d2236f22-f2e9-41d2-96c7-320fa37c2709","David Cantrell"
"d38ac904-b099-478b-891e-500f7e217691","Jacqueline Burke"
"d3c93e17-d9d1-40f3-9873-be4b25244af0","Stephanie Tucker"
"d5174ac4-3802-4acc-bb26-e967f40155ba","Brendan Taylor"
"d5440a5c-0a88-4f3e-bb89-a8fb47e6283a","Amy Shannon"
"d56bad7a-45ad-4d23-b43c-9548fef5dfdb","Patrick James"
"db4908fd-14d0-41d7-ad7c-1d835fe5645d","Leah Johnson"
"dd10336e-26ee-4761-b09e-19c2beb9d399","Jessica Martinez"
"dd63d118-b3d9-4a5f-a560-30cad7db2eaa","Benjamin Davidson"
"de32601c-e12b-4fa8-a3c8-03dbb0cda646","Randy Johnson"
"df812eb5-24f9-48d5-9501-15269b851db6","Christine Meyer"
"e199498f-30ba-40bd-a792-ad0394d133d1","Todd Buck"
"e74aefb6-965f-42aa-96b0-2adae97793b1","Joseph Sanchez"
"e74f6bf0-791d-4bb9-b561-e05bdcb3a66c","Bryan Caldwell"
"e7919503-297d-420e-a3a5-ec69afbc2bd4","Todd Duke"
"e962bfbe-fb07-4c1d-ab9d-b711d5727de7","Courtney Johnson"
"ebd756cf-e358-4051-8023-487871b998a1","Jesus Rodriguez"
"ed59dd1c-cfa5-4335-b2f0-775d1a734a9f","Joanna Thompson"
"ee45f7cb-d3a7-4437-b647-d461147400b5","Kelly Howard"
"efd502a6-13bd-495f-9adc-093eaa68c456","Glenda Mcbride"
"f198ace5-934c-4f17-8e79-4fbaf5cd47fa","Laura Moreno"
"f1c4ec70-3263-42dd-9320-839f6c9b875b","Kari Vincent"
"f2775a56-29f8-4a3f-ace6-40bf6c724963","Joseph Thomas"
"f2e78d1c-3b58-496e-b4a7-8824022b32d7","Oscar Miller"
"f448a465-8992-495f-b64a-62c08036ba34","Michael Jensen"
"f4ad0a3b-65ca-4811-8448-5d876a8bac57","Richard Griffin"
"f5b4015a-1205-491c-9b7a-c6993d414013","David Blackwell"
"f7b21612-cbb7-4701-8359-a068cfe99a90","Jill Baker"
"f88e516e-9ec1-45c6-9e75-28ffb17e23ea","Cynthia Thomas"
"f9891a16-efad-4841-83d4-42e5c43da937","Valerie Mcdonald"
"fa0c6f3d-5fc4-46e7-b668-937e856c2f5e","Jack Goodman"
"fb6a469e-d2e2-49d1-8b34-49a23264bb4e","Dennis Maldonado"
"fb840ca2-f60f-4005-b405-3a090255b8c3","Andrea Chambers"
"fbaeaa95-eae8-4758-b038-b8889d0100aa","Daniel Rodgers"
"fbe6b4f5-6375-4821-8b54-808cdfcc332c","Jennifer Smith"
"fcd4ae5c-1feb-4382-9c84-49dfffdc01aa","Noah Tucker"
"fdb018c0-b285-4242-a76a-803eb2e143ea","Nathan Banks"
"fe2a2153-5933-4a83-9ff7-c9744ca60eeb","Scott Goodman"
"00055eab-19b1-49b7-8f5d-931e7759abf5","Brandi Mcknight"
"00b51a31-a110-42a2-bfc5-1f326d34d05c","Rick Lewis"
"00c77bcc-be4e-48ca-a711-815c9d7c67d1","Carrie Khan"
"00d74189-fcbd-414a-8f32-086701ff0171","Henry Mitchell"
"02a35279-7676-4a77-a8ee-0df49128df55","Marissa Kelly"
"02da63fd-860f-4723-8f24-41512cc7a7ce","Anthony Maldonado"
"03076713-4ad6-4c83-a324-c61e944eefbd","Cameron Weber"
"03594d63-5f0f-47cb-8a39-66cfc9472a5c","Adam Barnett"
"03c5382b-6a3d-412e-b34e-2d1eb7135853","Kevin Patel"
"043cd11d-d63e-4d89-b61d-c3235079baa6","Amanda Nguyen"
"0474010a-fc24-49be-bbfc-5d51e8f5412a","Wendy Lewis"
"04ec2b2a-c56d-42e3-adba-e1c44f9d5cdb","Sydney Perez"
"058c7322-9255-40c6-a1ac-ee14da799132","Angela Ruiz"
"05b983df-2f19-40d2-ad27-5f90adab9447","Erika Harris"
"05c943eb-b551-42a7-9932-901bbdedf03f","Autumn Harris"
"05f9b564-d2b8-455b-893b-33d63d1f58d6","Valerie Garcia"
"06eab78b-3c6f-429b-912a-79e6b3b63b41","Anna Campbell"
"072240ee-5c62-4e27-8781-6e32839bb3c6","John Page"
"072de807-6ee4-4fd1-b2e5-2d865170c773","Jason Jackson"
"077f48fe-ad74-4e04-80dc-e38c924c96a9","Michael Beck"
"0a61dc64-cba0-4634-93d4-5416a2fb7684","Victoria Howard"
"0b0b4f71-7a9f-424a-9379-5d91c6857cd7","Lori George"
"0b12e96e-1f6a-452a-bb15-4d47e14f47dd","David Ramirez"
"0b232412-b465-4c4a-bea4-9e3bd82ceb66","Kimberly Johnson"
"0b3bb012-9250-47b7-935e-be1cd540b54a","Shawn James"
"0b7771ee-0cfa-4135-8f24-25584d6d9046","Elizabeth Sullivan"
"0c090b26-b08b-4779-ba52-51d23de9e2de","Amy Ramirez"
"0c6f3469-ba48-4599-98c9-41fdbe780be8","Oscar Perez"
"0cf20f12-db1a-4637-8e22-bde8bcaf8b23","Carrie Glover"
"0cf34ba1-4b98-456c-a532-ae824a18b927","Chase Howard"
"0d10e4a6-e59c-4f45-95d8-79f9595f8e89","Michael Mcbride"
"0d14a2df-f4ba-4459-a05d-58785c196348","Nicholas Lucas"
"0d515492-7a81-4382-b612-a05dd9b5e376","Renee Ibarra"
"0da0e536-d838-40c5-bb4e-4f00e6629a56","Caitlin Stevens"
"0e02389d-4ca9-45eb-92e9-b863345cb814","Jessica Greene"
"0e2b49c1-f17e-4a4a-b6bc-e93d14ab9346","Tamara Henry"
"0e4239b5-88db-4d8b-ba01-725f97e7f38b","Vanessa Ramirez"
"0ef7b0f9-2edc-432c-9eca-a67084df670d","William Herring"
"104409a3-36e9-4434-af3d-8f6da950120f","Teresa Cannon"
"1135fe06-0660-403f-bd43-427ccb6b45e3","Tonya Rodriguez"
"11551ffb-7480-422f-b300-4352bb4bbc3a","Jennifer Lambert"
"122beed3-b9e8-4c98-9bf8-c96f91e414c2","Willie Norris"
"12588f4c-40f5-4a8c-8de1-1251398c249c","Ashley May"
"12745bbc-af31-420c-a4e4-e3e825183432","Robert Romero"
"130afb14-19e1-45fe-ae36-e2cbcdd2c101","Angela Holt"
"1377036e-c61e-4317-bb85-983fd13be6b0","Nicole Roberts"
"13e0ea4b-291d-4b18-b7f6-c93832e4b416","Virginia Wilson"
"14b49c31-f1fa-40be-8e3c-430d952290ae","Robert Shelton"
"14b4a5bd-8d28-4447-82d0-d91fb2b81f82","Diane Mendoza"
"14c34459-411e-4c75-8068-b4e209728ee2","Karen Jensen"
"15474eb0-cb11-4f9e-bebd-d9bfc6345bfa","Jasmine Dennis"
"156cfa7a-ae8b-48c7-962f-2d35b06297b7","Tony Spencer"
"158152bd-df48-4b73-9ebe-185fd7ed0969","Lauren Giles"
"15c4cc63-ca21-4a19-9a91-9ff1c2eb3785","Sara Thompson"
"169c9c08-7a40-458d-9e5e-3b3d5b10ec64","Jamie Roberts"
"16e9701a-0463-4846-b16e-550e0a49d122","Jeffrey Burke"
"16f302be-4a01-4301-a06a-f44bfb4a4579","Joseph Jackson"
"172041f7-681a-4d8c-8902-f3bea1738463","Joan Durham"
"177a39cf-ada4-4a55-a88f-de25ab4e424c","Brenda Cook"
"17e480ef-9244-4f7f-97b6-c3d7d46afe2e","Thomas Maynard"
"180c0a31-f694-4a22-ae28-20bfeabb5f25","Robin Johnson"
"187dec4f-32b9-44e8-a04e-a02321e94354","Tracy Hull"
"187fea1c-7c50-4339-bc82-b1c31ea5fbc6","Ryan Stark"
"18db7022-0246-4854-b841-1c2deae4f53f","Kendra Parks"
"194afbef-b78b-4cb3-92ec-8b07eeeda80d","Krista Mathis"
"19c18586-996b-4b9a-bb92-f6e4962fb85a","Timothy Hays"
"1a36e82f-dce9-45b9-bfc4-de99d60c8a1d","Natasha Brown"
"1a3babbb-5cf4-4e5a-b148-4c5abb318ebf","Lori Campbell"
"1a8a6d1e-d6d0-4c5e-96c2-05016fef1a74","Theresa James"
"1a90a0cc-1e52-4fc4-a98e-739842e6b0dc","William Griffin"
"1ad56802-2d97-483c-957a-1c10e9437cbf","Rebecca Murphy"
"1b24624b-3644-4ecb-9eac-ea808c57e99c","Tiffany Mcgee"
"1b46f852-b04e-4e71-bf08-c10128c6a052","Charles Hall"
"1b931c5b-b349-4045-82e1-7980ab63a784","Candace Solis"
"1bea7fac-5f10-434d-828e-169347bc84c9","Jordan Pierce"
"1c8ed29e-278b-438e-8498-b5436239a48f","Stephanie Diaz"
"1cac5eaa-2618-42d3-bf5d-9c0b0bec41af","Andrew Patterson"
"1cd92f01-764a-4e80-8cf7-f875cddf9c4c","Jessica Evans"
"1da07f83-f855-4771-beeb-bb9ef476dd28","Teresa Patterson"
"1dec9704-e9c1-44b5-b6b0-f65137d5982b","Patricia Flynn"
"1df00b43-d299-4030-a468-4539b5cff1a5","Vincent Booker"
"1efd3a71-789c-4e8c-aa41-1e07cff0f5f1","Jackson Kelly"
"1f9f83b9-a3c5-42c2-ab1d-a54c4fb1226d","Brian Burke"
"1fda15eb-5e90-4883-90a8-181acd6d732d","Miss Cooper"
"20009dc8-4bf2-4680-9b82-dd80d3f0eae3","Lauren Cannon"
"204aa54e-cdfd-451f-8492-8eb509c22179","Noah Carter"
"20bf2fb1-e5c0-49aa-a029-c5b90c1d9248","Michael Rodriguez"
"20ec51ae-7c46-40f2-a902-0f2bc7c77d32","Stephen Day"
"216c1d59-8d78-42f6-8bcd-8e8d75f650be","Lauren Kim"
"21902d6b-719d-4e02-9184-2b3546598770","Billy Curry"
"21c052fa-99cb-4f98-96b2-db0307e48953","Vincent Smith"
"2244d222-1cc1-42bb-a1ab-1ffd54b7e07e","Todd Thomas"
"224c3be3-18fb-4640-9a9e-4674f36e610d","Carlos Juarez"
"2298daee-283d-455b-b6ae-c1e0ae20eb1a","Rebecca Carter"
"22b714e8-e808-423b-9ed2-a6fe823719da","Jason Sheppard"
"22f0e4c0-0c82-4f04-bcdb-eb948d90e557","Leah Avery"
"2318b193-ebd2-42a5-bcf8-7abd10cfc316","Stacey Wagner"
"233f9438-08eb-4deb-8d55-bd82a1245909","Rhonda Perkins"
"2393bce0-ba1f-4a11-884c-daff7a1ae953","Sheila Wiggins"
"239adbb5-d114-4ed3-aac8-28184906d13a","Joseph Holder"
"23b855c4-4461-4d5e-81c2-ff43372c397a","Justin Gonzalez"
"2432cc65-c53a-4429-89bb-22f44b5e55f7","Stacey Blankenship"
"243d466a-9ad8-4f71-8bb9-0a7cb5a66136","Michael Thomas"
"24745e90-b03d-43bb-a520-3ddbe7f51639","Brianna Perez"
"2488a3a5-8286-492d-8388-c1a8318011d5","Marie Lewis"
"24cdbcbb-2e0a-48e1-9bc4-a53c42f36370","Brett Sheppard"
"2598edc9-d572-45a9-bb26-07f8ce20fdfd","David Padilla"
"25cf418c-72f5-450f-b0ba-2d174972e18c","Deborah Cooper"
"25ffd79b-3e99-47c8-bf59-e5fb0b8d21d4","Jason Diaz"
"25ffdb7f-dba0-408b-b726-5d46809df1df","Matthew Gutierrez"
"26475a49-5e8c-474a-9b8a-bb6478bc0673","Jeffrey Gates"
"265c256e-22a6-4e1b-871e-9c8722d7d78f","Emily Hansen"
"270174ef-d551-4db4-af53-bafa9979d4ae","Sandy Ruiz"
"28393eaa-c00a-4399-b854-a009d6b0a58c","Randy Bates"
"287f56d7-383e-4428-b6c0-9340b622a56f","Mariah Jones"
"289a6774-a67f-4e0e-9255-d7fb57bbdba5","Albert Evans"
"28aafcfb-6853-43d2-a5de-85af61522527","Jonathan Richardson"
"2960ef4f-ecc0-4c6c-b4a9-a3f7b4910ef6","Matthew Whitney"
"299bb202-125d-4cbe-99e8-1febf517eb39","Casey Murphy"
"2b052133-8d71-4267-affe-3969689c5f64","James Lopez"
"2b41a5c8-b76e-43b3-8c68-4a3e4c5bb9c5","Keith Patel"
"2bc151d2-5787-47c4-9e61-ac2116e674cc","Julie Williams"
"2bd88396-1ddf-4aad-b168-101ca0d64d80","Jason Bailey"
"2c6dee98-28d6-47f7-8db4-c430855e3e65","Lori Vasquez"
"2c6eada3-a733-4b0e-a0d7-de467cde83af","Karen Flynn"
"2c7ff101-1a26-41b9-bbc0-bd937f9cdf43","Lori Banks"
"2cc53645-cb5c-4819-80a0-6b09a176ad72","Vanessa Cooper"
"2ce6763c-024a-402c-995c-1f1595420ea0","Rebecca Wilson"
"2d7a24ed-5b2e-47c7-95c1-626c563dd297","Jeremy Bass"
"2dc4c624-124b-40eb-a78d-d178f268a8c3","Zachary Hendrix"
"2e306c55-f1c2-4948-8095-b1e658ac9207","Lauren Woods"
"2e4dfc70-cd9b-4f0e-b12f-6e3b83fe02fd","Brittany Ross"
"2e8e439f-e2e6-4050-8150-7cf5ca587a16","Kevin Hunter"
"2f063d73-b62b-46e2-97b5-14879d218378","James Thomas"
"2f56ddd9-fa4e-4d84-958f-77bcc807b1e2","Mario Freeman"
"2f71f84e-21f7-4578-adcf-e6e52a75a68b","Patrick Blackwell"
"2fdff2ce-160c-44c7-89bd-31b9e2047856","Daniel Price"
"2fea918e-5a80-44a0-8689-5a9f047365ff","Thomas Braun"
"30094cb1-2083-4d11-ade1-ed914bb4d391","Julie Watkins"
"30762655-96c0-43d5-b82a-1933eeae6533","Jason Harris"
"307b1d93-98b8-4559-899b-1883460b7464","Krista George"
"30e2361b-112d-4b6f-8e3f-473cbe3aa7d1","Tracy Cooper"
"3104f087-97cb-4f64-b452-56ca9e927f50","Tracy Giles"
"3240f5d7-d239-49ba-b78d-827a11326a6c","Tara Thompson"
"3265cc2d-6419-463a-b52e-1fcb0643666a","Joshua Johnson"
"32afaf1e-9652-4eae-8b1f-8d9516b4bae2","John Costa"
"32c04991-e40d-4b94-b848-e09e7a8cd6c9","Albert Howard"
"3381647c-633e-4f80-a64e-7dd825f3f6a4","John Solis"
"338e2c9c-53a8-4874-b72f-4b6ad6357639","Allison Pollard"
"33a11c86-6bcf-4cd7-9e5d-c551ce62c7bb","David Roberson"
"340543ee-e6f8-4c6c-8e93-1378d7810ea2","Keith Rodriguez"
"341420b8-316b-4db4-9f09-6bc2077f42f5","Lisa Cochran"
"357dd3f9-a152-40f2-8096-f58a64462d5d","Kenneth Hardin"
"357f15c1-c870-4f85-89d2-def0ff41e7b5","Ryan Harrell"
"35ec99df-beb0-4a30-b89c-807ff4320f6a","Tara Sanchez"
"3674a27b-fb21-448d-83c1-a280935cd6df","Seth Mitchell"
"370c7200-1fb2-49dc-b58e-9002ee170670","Joseph Harrell"
"37a6da59-6ec1-48ad-8b76-71b7059c3e64","Michael Snyder"
"37c965d8-25a9-4145-8608-8d439790e668","Sonya Price"
"3813732a-2417-4e34-9ef8-736c6bfafa63","Suzanne Vincent"
"38533be3-a0e2-4058-bdc6-1f91a5718997","Michael Lewis"
"385c96cb-b75a-4ec9-876c-ea47d0fe3b90","James Ortiz"
"3875df32-81be-48f8-b838-e9cb9508597c","Daniel Turner"
"38c80c6b-1c4f-484c-94d2-307109b7b507","Dorothy Cooper"
"38fefc9c-cc04-40a5-8bc4-2565be364e1e","Ronald Coleman"
"39a4a0c2-84ca-4df4-990e-d6311ec82dbf","Zachary Johnson"
"39b00be6-1de6-4f0c-a090-c934e90a3393","Rebecca Berry"
"3abd6962-1134-48f7-8f92-ac3fbc72eae5","Miguel Brock"
"3b16b16f-99f8-4846-bd3a-29bb9dbd0d64","Patricia Fox"
"3b5c1d54-9828-4f55-9c34-7a865c5ab90f","Willie Lambert"
"3b5ce8e5-6104-4a25-9f3d-44cad2585514","Darren Lowery"
"3b67aa71-9798-4519-9f09-9250fe3e312f","Laura Gilbert"
"3b88facd-12f4-4b83-94ff-afb4e542a079","Joann Gregory"
"3c04cbd8-4ad8-42bd-9196-d57f527b4443","Rebecca Brock"
"3dbd8489-4ca0-4845-8f71-67bd67464be5","Lauren Miller"
"3dc03ef1-218c-4f8c-8655-88d51bd1aa9c","Maria Hampton"
"3dceb1ac-d28c-4e72-844a-1ba51f9ec79e","Zoe Howard"
"3de0f866-2a8c-49ac-9155-2e991126df20","Walter Barber"
"3e3cd469-0446-4dae-a307-dfa8c960d51c","James Cochran"
"3e51406b-4ac1-4eb1-b724-a6e72d3c7943","Courtney Costa"
"3ea95396-b0a3-49d5-b9d8-a0fc24dd8e61","Juan Patton"
"3f21b159-21f1-4174-9ab6-602a5c11a584","Jesse Russell"
"3f414de6-48df-4631-b51d-69f54c688cc5","April Davis"
"3f4a7e29-5fbf-4502-888d-3fa20a768144","Dana Martinez"
"3fad9c61-a683-4fa3-834a-5ef36deb5d9b","Joseph Calderon"
"3fd46953-d72b-448c-81ba-832c9e294177","Colin White"
"413e8ce0-d847-4248-875a-5962db203202","Wendy Mcdonald"
"415035c7-cbe9-472e-a89b-296462fe239d","Gary White"
"417028b0-e387-4611-a45c-4bec3297ad5e","Juan Forbes"
"4189d258-e36a-4fc6-a479-c67a7bc3fab2","April Farmer"
"431a541c-2cdf-4043-82c3-de6acad66e27","Randy Maldonado"
"4348ef19-1940-49d9-91d6-c7f27c71de42","Chad Lewis"
"434ae3a3-5df5-4653-a626-06df78f766c9","Douglas Perkins"
"43a41b88-8d40-4577-a59b-34c62f413043","Pamela Baldwin"
"441349e6-137b-415f-83de-62fa1903367b","Jonathan Lee"
"44b5e3b2-a195-445e-82eb-efbf72f12328","Leah Stein"
"44d65e7b-12c2-47fc-bdf1-4bb6d695372a","Timothy Holt"
"45713d41-98c5-41cf-b38b-b48432dc591e","Ashley Wright"
"458aaf9f-3cec-4621-8c89-855ea7212cd5","Justin Rogers"
"461c6ca0-e440-409c-94ce-7c0c59fdfb6f","Joseph Hernandez"
"471c2d0a-0126-4ff1-bdb0-e57e3808daf1","Stephanie Thompson"
"476aa9cb-53ad-4df8-adde-f16193886339","Dakota Holloway"
"47cf72a4-66e7-4c4c-a06f-6a3e3f6e4442","Peter Prince"
"4968f4dc-60d9-4f1a-839f-be39f015ec72","Kimberly Park"
"4abe8298-c70f-46c0-9361-ed0fe04c5227","Daniel Mcmillan"
"4b0c015b-bc38-45d6-b8dd-25e93454e208","Kristine Mcdonald"
"4b2fe1b2-28f5-4c6d-8d43-f14333566e34","Sandra Stevens"
"4b47de8d-60eb-4799-8509-bdc8a134fd45","Stephanie Garcia"
"4b4836dc-8de0-47fa-a41f-56a548573377","Holly Smith"
"4b7868e5-af74-475c-bb88-b7db5a091be5","William Smith"
"4bc67bf6-1151-43f2-ab61-3b1a9e2c209d","Thomas Kennedy"
"4c36cc4d-0455-4e04-9bee-4cc8bb519a64","Daniel Jones"
"4c55b196-dfb4-40f5-a7c4-dd1a1d1386b4","Jeremy Le"
"4d393c32-0bf4-4251-909e-cf89753d92b0","Jason Burns"
"4d3b1b1d-9341-4945-a721-2d583b531755","Amy Ballard"
"4d728394-5974-4434-9588-37cda87e3e38","Patrick Kirk"
"4dbde080-b53d-4d56-bc20-bf58dfc41416","Amy Faulkner"
"4e6d4815-8815-47d8-8aae-5b374dc6c231","Sarah Ramirez"
"4e70b291-4029-4602-b786-0486b1363292","Holly Reese"
"4ea35e15-94cb-4137-b2d1-6fbd3235d21b","Melissa Owens"
"4f1125db-8852-4e09-998c-86f37edd2e01","Candace Lee"
"4f4c6bfc-30cb-4342-89b8-547715199291","Laura Oneill"
"4f5b806b-b561-460e-ae33-b1385573f0f6","Daniel Bennett"
"4f6944f9-36c4-496b-8b41-173f9e18a2dd","Amber Hampton"
"4f8058f6-0854-4100-83f4-273094e9be99","Deborah Johnson"
"4fb3655d-098c-4fec-94a5-7b5b7075e405","John Williams"
"4fe61312-0d28-48a7-abd4-f669bf15efa1","Thomas Nelson"
"50a635fa-cbba-4d5c-a241-8ae80c137872","Stacy Page"
"50b975bf-2354-4402-9279-daed7f8e0683","Collin Turner"
"5115531b-0a9f-460b-8e7f-60b211e0c567","Jeffrey Allison"
"512dabb0-7c59-4c4c-92b4-8f7714b53d92","Amy Carter"
"51a3a1e9-727d-4783-a5b0-4a55e0f8c6b8","Jason Fox"
"5216c919-c1dd-4f41-82ef-664bb8a6c7a9","Brianna Sims"
"521cb2c1-dfbe-4328-8bf4-8f90640f710e","Amanda Richardson"
"52663ef8-9ac1-48db-83cb-5268ca4f30e8","Manuel Patel"
"52d48c4f-0236-4476-a72f-5894a73eaad2","April Hudson"
"52e74809-6df8-4479-8e66-421e1e847966","Jeremiah Flynn"
"533fec57-28b0-48e9-adb8-fa333c7ad4d5","Kendra Cortez"
"53ef3dbf-61df-4c32-9fd2-f5d90faf9601","Nicholas Gill"
"55284f4a-38ec-41e0-99c9-51ba5bc22c34","Tony Garcia"
"5589402e-f8e6-4f6f-bcb4-d9ee75ece3ab","Lance Medina"
"55d3a3dc-ae8f-425c-b60a-9bca83cd17ff","Sharon Adams"
"55f64ad5-c2dc-4102-886e-ebae14592f22","Mark Williams"
"5613d424-e1c4-4851-8aeb-76cc31bda619","Lindsey Evans"
"56f61185-ce31-49e4-b2e3-66b5cdc6578d","John Perez"
"57a2f03b-8fc1-4b56-ad3b-9a2a3bc4ff3a","Kimberly Brown"
"57fcdd4f-63c4-478e-a972-ca3e42a1da27","Frances Harris"
"58535943-b40c-4124-8b73-dd3bb028c7b0","Suzanne White"
"585765e4-01f7-4cd4-a791-88d94ff36dbe","Jamie Gates"
"59fec021-c4d8-457c-8aca-5dbb41669f9d","Stacy Perez"
"5b177649-0d8b-488b-b378-7b6539faeb37","Joshua Acevedo"
"5b2458a4-4bce-4589-9c11-a46bd8f5f06a","Deanna Butler"
"5b40fad3-adac-4cbf-86d9-c8dc19e1a4d5","Rhonda Williams"
"5baa4747-5be0-4f9d-b97d-53038c52063c","Ashley Hall"
"5bbed815-0f2a-4960-86bd-e8f03b40437c","William Williams"
"5c246dc7-1afe-4e84-b697-344ce6ef7482","Laurie Forbes"
"5d23d727-abea-4022-96e9-cdbeac437983","Paul Carter"
"5d8e271f-4a80-4102-ac05-05605e60b0b3","Kyle Gutierrez"
"5dc41764-58dd-4544-83b6-ed0e9e277610","Adam Sullivan"
"5dce30cc-45a2-4ffd-b4c3-f4f5d8499c9f","Jesus Oneill"
"5de5dbd4-61df-4e72-87df-171dbae205c4","Jason Dickerson"
"5e1a4674-22f1-49de-ad13-e452988dfca1","Jason Hughes"
"5e490e0b-6b80-4b58-8f12-59d08650ad6d","Jack Powers"
"5e9fe5d6-cfa2-4f5e-9c97-d4c61d982fa0","Stephanie Williams"
"5ee8348e-5528-4839-8028-bead8fcf76ca","Carrie Knight"
"5ef7456a-137c-4b73-b3b8-69da718f0fb4","Jill Cortez"
"5fbdddbf-e96e-4be5-97a9-5f9da1af1728","Scott Thompson"
"602063fb-cc1c-47d5-a91e-4e6fca0d369c","Frederick Chase"
"608d6e1e-7ddc-4e6c-bdb2-0fdf11b87e24","Erika Best"
"60a75352-73f5-4e9e-9b0d-7f0318bc4db5","Shannon Smith"
"60c9d527-390e-44a2-9736-0a7000126609","Jeremy Perkins"
"60fa8d76-2c71-41d6-afd6-0732eae2ff87","Elizabeth Mclaughlin"
"61448e5d-3060-45b3-8d14-e82a908d804c","Suzanne Mckinney"
"616e89b8-6cd4-4c89-adad-5206de4c666e","Denise Davis"
"61f4f698-a938-49f0-9727-44c134861abc","Troy Mosley"
"62327a13-0e19-40dd-80ea-53ccb8f7522a","Jennifer Montes"
"633aff7a-b06f-40a5-b750-7eed4749435c","Ashley Cobb"
"6358add0-08cc-48e0-83c0-6403f7ff7a5c","Jessica Gardner"
"639347dd-2bd0-4a29-a7a0-ffaa53828311","John Collins"
"63d9b9d1-af56-4112-8bf9-b8bba24366f3","Daniel Hughes"
"6449f599-9e6e-4566-827a-ef665f4e6f50","Kevin Rodgers"
"6468f174-d838-41d0-8acd-a8dbd71199d9","Laura Cook"
"64ef07bf-933d-4fd7-b4ec-d80f4b65e240","Dennis Ballard"
"653ad925-ef20-4532-b4e0-f69738cda64d","Phillip Thomas"
"654ac4e8-f8fc-4294-acc6-9ce58757bfa4","Marissa Sullivan"
"656bd4d9-4ff5-48eb-809a-1e42db48ad25","Billy Barrett"
"65efac35-2789-4bcc-a0f4-342a25a13afb","Corey Johnson"
"65f6f932-0fa3-4b21-8a9b-25d99deecdcb","Benjamin Bailey"
"660b4c4f-fa41-4060-8a9c-8691033d1dfd","Virginia Rodriguez"
"666bef86-2a72-4153-9ecc-0521f56976db","Timothy Stevens"
"668111d3-85eb-4e77-bb1b-09b432389808","James Greer"
"66b9f093-bcb3-4869-8a5b-f93cbd286e3f","Jason Dunn"
"6714a014-2968-41cb-b399-250b2af07a64","Jason Mendoza"
"675db578-5910-424f-80dd-3c640d1f98e3","Mark Mendoza"
"68196f7a-0fc5-499e-9959-ac00c607b032","Tracy Lloyd"
"68334529-ca9e-40e8-b315-506d3247d9fd","Karen Bennett"
"69abfaa9-2405-4c94-8468-73a8d3460fff","Mitchell Johnson"
"6a2f7a64-bedd-469e-9280-946bb7404f7a","Alan Davidson"
"6a5e4b33-5f46-42aa-95e3-a4d48096e2be","Lisa Flores"
"6af32e47-da63-4fce-bed8-840de41acd3a","Stacey Hull"
"6b70b8dc-71c2-4c38-909d-18df25ad39c0","Henry Hood"
"6bd49375-abbb-4115-9c11-44cfb973e5a9","Sherri Bush"
"6bdff6b9-5495-4f8d-a154-cce3677ccd8b","Laurie Lee"
"6be817c4-959f-4ed0-bae2-bf4bf6684eef","Jesus Burke"
"6c69da77-f3e9-4281-b17c-feb098491301","Haley Bush"
"6c9379d1-d08e-4cf5-89c1-8c1f66cc5d07","Travis Lee"
"6cf149fc-0534-4f35-a531-7c240ed37260","Tasha Parker"
"6cf368df-c928-4378-8398-8cc0780e4fb0","Melissa Vazquez"
"6d2ebc36-449c-4f8f-b997-7123ba11caba","Timothy Miller"
"6dae2f53-379c-4ee9-915a-bbc94085e476","Casey Macias"
"6e2b9aad-b9ed-47cc-a5f5-933d38aaed8c","Jill Rivas"
"6e6bf4e2-e896-4ee0-b16d-2696d5fa0993","Mario Vazquez"
"6edd54ad-9773-44aa-9cee-71521274898a","John Barrett"
"6ef7f5f9-547d-41f8-9328-e43cf11d95e9","Rachel Gilbert"
"6f2d9877-5a98-4011-97f1-ba4f33fc4bdf","Michael Tucker"
"6f3871d6-6c75-4919-bd2a-c610ff60f269","Thomas Brooks"
"6f8995f3-29af-45a5-97a3-e1fb99f8b5b8","Christine Patel"
"7063363c-0e2b-4238-b0fb-6bae7afc63e4","Marcus Hays"
"70685336-e694-423d-8329-b0ece6aa044d","Andrew English"
"709bbc38-f4a4-457b-807e-979675e04634","Briana Anderson"
"70ab4ba6-798d-4178-89b0-e7f02847bac2","Valerie Thompson"
"70ffa49c-51b0-4407-ba77-0783ae1dcb57","Jose Lucas"
"713ee26c-88e3-45de-8aab-3161a04d8fa9","Sandra Thomas"
"7158c82a-aed9-48ce-a1bf-382f1e7ae40d","Ashley Lucas"
"72011f8b-b3ac-409f-b1f5-06ec44fdb40a","Jennifer Martinez"
"730057d0-168a-4068-b925-3c5b52e5f364","Michael Davis"
"733e8c95-4538-43ee-ae65-e2aca2f331f8","Wendy Jones"
"73aaeef4-a016-452d-8446-cd8f2fe8ec2e","Justin Smith"
"73f0f8a1-235a-4f9b-bbd1-f95837abcd88","Mark Gabrielle"
"7486a0f0-214a-461e-8c6a-cd8af9842e0c","Rebecca Crawford"
"75790702-e795-4c45-9d61-768687d31973","Michael Johnson"
"75c219f7-b998-4cc2-b592-706a077e3851","Shirley Brown"
"75f78c8e-78c8-43d4-8821-d0e2c6d9feb0","Steven Davis"
"76353910-67ea-4b08-b552-c534f30fef64","Robert Montes"
"7653e3e1-968e-41f6-af96-bd6ab0a25006","Shannon Ford"
"76d594c4-9c20-4090-a494-e4609de2503a","Bradley Martinez"
"7706578c-2ed7-4821-8de7-569778de5f20","Kristina Tyler"
"773f1dc3-a7d7-4700-bc0f-8cd95a5f3293","Edward Mccann"
"7833d4fc-ff31-4db2-99bf-d46a808ad7df","Elizabeth Hansen"
"7899c2a3-e7fb-4ae5-a988-b3c0fc2fef49","Colleen Mclaughlin"
"792d02c5-8bdc-41cc-9644-edc9d8a22c3e","Calvin Williams"
"79f8ce99-b1e9-4443-bb0d-e5050dc41ed1","Jennifer Garcia"
"7a1c6f38-5fc0-4de0-a2c2-1efb1e96ade6","Samantha Vargas"
"7a8ddfdd-8f47-417f-8158-fd38ad07ac55","Deanna Barnett"
"7a994b33-f1fa-4d4d-a5b6-e74bc6b9d272","Jill Parsons"
"7ac5277b-4057-42cb-980d-085d887d5987","Donna Smith"
"7afac752-9700-46db-a3fa-9abdd47e0a50","Marc Schmidt"
"7b11551c-47d4-4216-ae40-4ed24102088b","Adrienne Alvarez"
"7b531395-423f-478a-8016-0db9b641259e","Stephanie Smith"
"7ba5ea1e-9063-459b-a554-60bb44d63f43","Linda Perez"
"7beb5bb4-0270-47ba-92c7-e3c67797006f","Amy Powers"
"7c15751b-5883-42e6-adaf-b0b58d10bfcc","Linda Soto"
"7c491342-c633-460f-b234-8fdfee44d65f","Robin Diaz"
"7c60c941-3d16-49ee-b092-b73a3c07a578","Michael Lee"
"7cad1d13-f0db-439b-a37a-965a28675c5f","Jeanette Massey"
"7cf12fec-832d-4bc9-8ecd-1f8a80204c48","Brian Roberts"
"7d418d29-1f14-4c6b-8410-9d5d324d3db1","Angela Bond"
"7e2bb7e3-ff7f-472a-8ae1-37faa67b3701","Erica Holloway"
"7e2cae4a-232a-4c1a-af59-b775cfce5c4d","Linda Morris"
"7e7e41db-d0ac-4a6b-8b4f-da7ab4cd2c1e","Jonathan Turner"
"7e842513-7335-4341-a83b-23e9424151e0","Karen Thomas"
"7ea63d87-f627-463f-b994-63f20594b818","Kathleen Mathis"
"7eb35eb9-8606-49bf-b735-142cac36c133","Michael Boone"
"7ec3fd0c-4a0f-41a0-aa6e-4293d0646ebe","Rodney Hancock"
"7ee0612a-eb06-499b-a7cf-de28cff1615d","Shannon Day"
"7f29fd71-9c56-4c98-9cd2-e93af0510cee","Charles Hodge"
"808c2f4a-96b1-4f87-9e35-a486ab2f3abd","Matthew Mcmillan"
"80bf87ca-e7c5-41c9-a711-d2bd0c78a16b","Hannah Archer"
"80f52fdf-5b34-4995-b67c-95a67a794feb","Richard Alvarez"
"8122d9de-b96f-4be0-8542-cfbb06577ff6","Ashley Harper"
"81ce317f-11c0-4298-9cd0-16fdd86cb67b","Charlene Harrell"
"81dffacf-b327-4b3d-ab4e-4378f7e2c7fb","Diamond Thomas"
"8233c2fb-60bb-4459-b45b-47c382755ce4","Michele Brooks"
"8295f79b-5366-4870-807e-48db46e8ae24","Kathryn Alvarez"
"82e27826-4d9e-486b-ad8b-5f3d22be769d","Colin Lambert"
"82f87e12-61b2-4563-a6d5-ebd4314a5990","Katherine White"
"831d462d-d62d-435f-ad03-7fc329a37a0b","Bradley Lane"
"832270b0-eb8c-4f11-bf40-6dc5b62c6071","Dana Hays"
"8330d229-f51b-4cb1-9bc4-c9cb75807c3e","Jon Lloyd"
"83c20ca2-1e77-417f-83e7-4d95821f3053","Joan Solis"
"83c7a57e-b941-42fe-87f0-e3688fb8287a","Maria Tyler"
"83cc5ae5-4873-4572-9fee-3f793fe6bef1","Gina Anderson"
"83d36a0f-d2ac-4c82-8338-32fa97a47f2c","Kari Bailey"
"84062160-a6a4-48b6-9798-ed491e33a725","Dennis Costa"
"840641dd-33f5-459c-9bf5-796f8494353e","Richard Lopez"
"851eb5db-fd7b-4614-821b-333b63df9955","Timothy Barnes"
"85b05b54-bce3-4a5a-b8a4-1eb334d38ef2","Keith Bailey"
"8640fac6-9912-42fd-b7a9-f15dfc3ec3da","Courtney Blair"
"86c0dd21-980d-45dd-8e9b-4747071608d2","Carolyn Hatfield"
"86e7fac4-4005-4b71-9404-bff36aae2872","Jack Smith"
"87204427-bc3a-4f7b-a001-adcf37835869","Krista Hoffman"
"879ba9f7-1dcf-4506-a269-97e5d1726560","Michael Taylor"
"87db7340-761b-4a61-9ac8-02e947d437a5","Brandon Martinez"
"886bbdac-0249-435a-9efa-34e21f9bfdcc","Leslie Moore"
"88f4b433-7d58-432c-a2eb-f1e9509ac993","Debra Cooper"
"893684d9-5129-475d-b086-f146f8b65a7b","Patrick Glover"
"8943bfc1-1629-4769-8d2e-f16498c83760","Amber Hurley"
"8a6c8453-6723-44ec-b2e0-be88c82f89ae","Haley Ellis"
"8a8799c4-d670-426f-bc89-5f88d39dc988","Mario Murray"
"8aa4be29-b073-4f3b-a1a2-be448a9020ee","Diane Ellis"
"8af4381e-9bc7-4420-90ec-48cccd667bdb","Brianna Stein"
"8ca9ae5f-f415-4361-aa98-ccf1c4e38cce","Susan Washington"
"8d1fbca8-5567-4eda-9568-e91ebff5faef","Taylor Davis"
"8d6e531a-d657-4943-ad65-27f4d44c3013","Shane Hardy"
"8e142f5b-4d96-4492-8cb5-b985dfa53e0d","Joanne West"
"8e22dd71-981f-4297-9411-e2e14a65dd5b","Lori Kelly"
"8e29ea03-e4c6-41e5-a727-3ae62db67d71","Albert Young"
"8f3556db-b6ca-4075-894d-94dfe3d5e5d4","Devin Baker"
"8f37de68-155b-498f-926f-47586ba8300c","Patrick Martin"
"8f4e6442-299d-498d-9995-1cce41e46221","Seth Wright"
"900a7888-d8f4-4e95-ae08-88d6e6c8c1ef","Elizabeth Bush"
"906c57f0-ccb3-4ca1-af8b-acef42c9bde7","Wayne Shelton"
"9076b0d3-3d76-49a3-a8c2-feab62e5957a","April Brown"
"913fe939-259b-4061-aa39-5992df70b088","Stephen Soto"
"91b9d4fc-7e39-4bf8-a5e0-76bbaf4fdd77","Michael Archer"
"91da30c5-6d9f-44ae-8ac6-0e3615b3bbf0","Kristina Newton"
"91ef7085-8a78-4e20-a4a3-14c3c2270bb7","Charles Floyd"
"926e31e4-687e-4bad-be71-f84395c362bb","Timothy Goodman"
"92af61c7-f975-4d0e-9fea-e1222b3465bc","Bianca Goodman"
"931eefe5-b410-4bf8-969f-a40f8e15027d","Pamela Chen"
"933efedf-0d8c-4051-a0d7-065c52dd7012","Susan Baker"
"936862a9-cf41-4c5c-982b-bce52bf605fa","John Lane"
"9397f67d-bca0-46be-a426-99134b8eaf8c","Stephen Smith"
"93f3d82d-1c19-475f-af5a-d35f67660c2e","Shawn Hardy"
"94249145-b1b5-4ffc-b204-0916f5e56c75","Jessica Thomas"
"958cdc33-ca9e-437e-a243-b7fc1a9bcbb2","Sheila Murphy"
"9682a9b9-b696-4f92-a11e-3a3c56f9ed91","Rachael Wong"
"969e2d4b-6e96-48b3-8ebb-20ee373ea4b9","Sean Campos"
"973bab16-5f7c-4f20-a81a-e5e3c39d5f39","Stephen Le"
"974ee82a-443c-41ca-b0f9-1f33ebedae89","Steven Alexander"
"977061b7-1268-49cc-993a-f9ee98f72ab8","Lori Brock"
"97c0c78e-4435-40d0-b112-38e8263317be","Thomas Thompson"
"97cebde8-35c9-47bf-93bd-d703a0a07075","Vanessa Adams"
"98170eb2-8bda-4922-84c0-6d77bc7f1256","Vanessa Williams"
"98395c6a-a358-48ac-8cd5-7b09a1e8897e","Jason Taylor"
"98982426-8816-4b40-a8b7-bf2ddb069212","Courtney Leonard"
"98d399f1-165b-41fa-b15d-569f6b4120c1","Christine Rivas"
"98e99c85-0048-4927-8164-44f85c8ab4b9","Mark Stephens"
"9a2e0578-c895-4d56-882d-cf978ed54f25","Jeffrey Brown"
"9a75c989-042c-4479-aa7b-076020ad5941","Shannon Mccormick"
"9b05ea44-97e2-435a-aa05-58d7e1f23b4c","Matthew Rollins"
"9b2fac9d-486a-404d-80dd-870254bdeed5","Amy Le"
"9bb60dd9-297d-4e95-a599-e993d04ff248","Bradley Harrell"
"9be87c0d-d022-424a-8f25-2097841c16a7","Vincent Cooper"
"9c18cb27-42cc-473e-94c2-47f05b0bc4fd","Cynthia Allen"
"9c4be87f-8f1c-41d5-9764-c76554847b3a","Miss Phillips"
"9c66355b-926e-4013-942f-f1106e29bcc6","Julie Stark"
"9cb87cfd-91b1-441c-b270-567f42e00007","Ashley Green"
"9d6de472-1508-42ed-8b2b-fa05e11faa10","Calvin Adams"
"9da941e6-5a2c-42fb-83a3-1c2c5f3c7a7f","Justin Jones"
"9ebd93f2-c7d0-407d-be0e-c34faeeea2a1","Samantha Obrien"
"9ecd891d-0106-4e46-b554-afcb081c333e","Shaun Johnson"
"9f791e52-cf6b-4cae-918d-46e406b1b983","Joseph Parks"
"a026cca3-9876-4f83-91c2-63bbe3b3dece","Stephen Wright"
"a05a4dff-7dfc-4af8-9ded-ce861588db21","Leah Harris"
"a081d689-f94c-46f3-962f-b54626477541","Kimberly Hall"
"a09238d3-d9e5-4834-b693-d87b00d9e067","William Medina"
"a0a1d60c-9614-4032-a2cf-1e70eeb7d322","Victor Bennett"
"a26147a4-aa34-4a14-bfab-b1e4ff9d98b2","Sandra Cabrera"
"a2a8db4d-c9ee-437f-a7ea-1d04eebc465a","Vanessa Perkins"
"a31b8547-7186-4ddf-ad49-3cfa8b73e3b1","David Sanders"
"a345a65a-1bbd-418c-bdfa-f6c41aa22936","Allison Perry"
"a36e9b98-a6c0-43ec-b548-570ef489d4f7","Steve Stokes"
"a3c52516-d0a1-498b-9da5-70cc7f1c3915","Bonnie Parks"
"a406a25c-55cd-4b8f-817e-d15c4618ce2b","Jeremy Small"
"a5080ada-45c5-496a-b310-5a6c8c4b8d45","Amanda Ellis"
"a5b19a4a-239b-4d68-b40c-19f487322442","Scott Romero"
"a5e7f905-32c9-430c-873f-6ca5368ff380","Shannon Goodman"
"a6183f3f-40ca-4c03-aa90-80b123b7c449","Randy Hawkins"
"a6c658be-6591-4f34-a3de-0f15d84aa2e0","Shannon Lucas"
"a75baa34-32ff-4ec5-b721-53618890fca4","Jacqueline Murphy"
"a79d92e1-59c3-42de-9082-b570ef4f04f9","Amy Wade"
"a848cd4c-6795-4938-bcd9-c3894582a748","Diane Day"
"a8a10f03-a241-477d-baf1-48e3636cc51f","Robin Adams"
"a8a4e8bd-7a86-4ba8-9a29-2a0f61b1ca62","Keith Davis"
"a8bd6ba2-cff4-4723-8a69-54383651c85d","Ana Leonard"
"a97f14d4-910f-41c8-8419-9bfd320529b8","Sonya Reynolds"
"aa5b7340-167a-4587-9c82-d0f559491b1d","Adam Campbell"
"ab618ece-5141-4df5-a83f-1bccd0c77166","Donald Perez"
"ab70b8e2-c31b-4498-9ba2-e1499d47aaa6","Kenneth Thompson"
"abb81e9e-28c4-4895-ad8e-1ed8788ed975","Tracy Mathews"
"abd0d558-e64a-4063-aea1-266ef3a7c669","April Williams"
"ac2aa5bd-7525-4177-b900-884e6ed0dea9","Lawrence Morris"
"ac3ed592-9d19-49e3-b0b6-578b8360b427","William Sawyer"
"ac89d0dc-fc2b-429c-a1d4-50e53d381660","Ronald Alexander"
"ac9543b4-8c53-4a00-8895-a1a37c969d3a","Theresa Stevens"
"acb450f3-fab0-4850-9562-f2e61e98776b","Jon Allison"
"ad6b0ebf-0bc9-4023-92cb-5f0415a1d016","Lori Farley"
"ae76af9c-c3c8-4aef-bc8d-bb33e0bbfdfe","Daniel Hansen"
"b0086bd6-bf90-45fd-8552-c77779280e39","Timothy Collins"
"b056ea7b-f286-4ff3-9ae8-fed13654dd1c","Lisa Harding"
"b172cf04-45e4-4416-9a8b-92d941804216","Tara Park"
"b24c3927-176b-4e87-af4c-b8b6dc7fc986","Scott Hancock"
"b27b6104-40b8-4e44-819f-567ae08f8e1c","Manuel Benson"
"b2ce31fe-a807-484f-a9f0-dc1da73a09de","Tiffany Patton"
"b3b3f981-803b-47d8-8dc3-88fb60a5e9b2","Nicholas Miller"
"b45046f0-ff72-4530-b83d-e303af16801c","Shannon Dickerson"
"b4764e70-acc5-4f36-b4a2-eb1910379ab9","James Collins"
"b54d0ada-11c8-4b2a-93b5-b3c32acd1ded","Tammy Schroeder"
"b5df0887-86c8-4694-9c8d-546bba4b0158","Laura Walker"
"b5fb1483-ca6b-4bfa-9ef9-44bd6756a71e","Scott Marshall"
"b6333cf7-c4c4-453b-bf8e-3250a7a61a45","William Boyd"
"b658cf90-2d5a-4952-9d08-4eedd802f8f6","Nicole Foster"
"b6653173-93d5-485e-9afe-b0f54e885f0d","Barbara Rangel"
"b6aba100-1681-484f-a901-7430749969be","Anthony Nelson"
"b73f9228-1dc1-446d-a262-c7195307a189","Robert Williams"
"b787a532-3b28-4201-8f67-6eb395bfe148","Kathleen Mccormick"
"b8716c7b-faa0-48cd-8aaa-7614c68ba95f","Rachel Campbell"
"b874c9a9-2b54-412b-bd92-4b07019b9291","Cynthia Davidson"
"b888f274-aba6-4cec-9fbf-f0b430c279ee","Amy Wilkerson"
"b92af013-c253-411d-beee-fa63a1b4361f","Ryan Ball"
"b99a14d3-1bf9-4eeb-b916-a0a6e99d9a06","Tracy Bauer"
"b9c4315d-8ab3-40c4-a289-16e4b0fcc971","Tara Lowe"
"b9ccd427-23b9-4603-b587-c073bf8f43fc","Danielle Lara"
"badb5ad0-4c7f-4e72-97d3-e0e40e165512","Jennifer Austin"
"bc0851cf-fcb4-4bb2-8752-1aa753d291e3","Peter Williams"
"bc8b01fb-7801-497a-a27b-9882de78a446","Karen Sellers"
"bd54def9-1771-43d7-8bf3-976fe6add37c","Sandra Jones"
"bd5aba1d-86ab-468a-bba6-8ff35216d781","Chad Williams"
"be1722d1-360c-497e-9a58-9fd9eaa4b2c6","Michael Glover"
"be9104aa-6cf5-437a-97aa-1192db08472b","Karen Phillips"
"bf7c9e29-93e7-4404-a45b-7c36c5d1656b","Charlene Hudson"
"bf853100-c20b-4843-aec3-04c4c966ba30","Judith Bush"
"c0337026-23c8-4a63-a4d4-e9d7d1ea39ca","Ryan Moreno"
"c175bb81-91ac-4a0b-9b9f-099ef4c4c469","Miss Velasquez"
"c1e90897-0fae-48ff-8c2b-eb7086257689","Lisa Phillips"
"c2f97bad-9a26-41a2-ac73-876b7f38d372","Jill Moore"
"c3a19d82-5755-4722-8330-451062612ac7","Tara Bennett"
"c3dd1153-fa78-467d-b6fc-e472c49ce85b","Jamie Wright"
"c3ee5f80-cd23-4ff5-a5a5-9b134c6e38b1","Karen Church"
"c48470cf-9399-40d5-9301-cc3a2d392582","Colleen Morris"
"c5fc44cf-5224-45a1-ad1e-f1f3f3364cb0","Michael Sanford"
"c650942f-4d7e-4260-83d2-19a11e2e8173","Courtney Mcgee"
"c6ada2e1-033a-4dd4-a5c2-14b558d933e6","Megan Johnson"
"c72ebee2-0077-4760-a439-f815d56ef4e6","Whitney Jensen"
"c78406ba-6ccc-49b7-94b7-7eae82f2406d","Dominique Brown"
"c7870d0b-ee01-4f9e-a346-caa3087b8769","Sandra Jones"
"c7aff864-dbb3-465e-81b8-4f853a58f2ce","Willie Hernandez"
"c8241714-acc2-4298-92e0-f339d0288713","Katherine Miller"
"c8545f28-86ee-4498-b337-5ff66d8e5007","Amy Patel"
"c8f8b0b4-a904-4f7e-a3e4-16d10b5f2960","Susan King"
"c97aa50c-3b6a-441f-82c3-a6bf512ed8af","Natasha Johnson"
"ca2fa816-1ed4-4457-97eb-467b3cded1af","Alan Chandler"
"ca70eced-ff2e-4f48-a9eb-6d3532ef4512","Stephanie Hughes"
"cab56727-4668-44fa-a712-3efadfc86ecb","Renee Hatfield"
"cab8f95c-b5d0-417b-9e74-e59bb3916cef","Candace Gonzalez"
"cac0eea5-f1a7-4569-a605-071a7333c44e","Kaitlyn Walker"
"caea2fb5-2c9c-4d1b-b2af-7263aea6adc7","Louis Cortez"
"cb9147a7-ce19-4eec-a9e1-ed41de1d2f97","Ashley Browning"
"cbcf884a-750b-41d8-839c-9f78e5172c95","Carla Harding"
"cbeea5a3-cabc-4eec-b408-0208fc4e0551","Karen Shannon"
"cc4b5693-95c9-4c9c-befb-67f64b0e7fc2","Christopher Mcgee"
"cc798a66-7a14-47a6-a8e4-435339129e46","Anthony Berry"
"cd8329dd-fc83-4a7c-9179-3844478e54b6","Sandy Wade"
"cd8597e7-1a52-4e7f-96fc-b5360c49960a","Amanda Ramirez"
"ce09851a-9390-4ae0-985f-4ee0c85f1463","Greg Leonard"
"cf2914f9-b8cb-4f6d-9ea1-5c66bedce456","Kyle Erickson"
"cfb00503-8aca-4e48-b774-e9a2674f180c","Devin Adams"
"cfde6beb-fd71-49b6-aabf-c31fd547f9e7","Jody Winters"
"cfecac62-26e4-4f6a-8292-0ea64ceb8f64","Pamela Lee"
"d0172bc5-d0ad-4375-a7fc-248669bb36ab","Sandra Sanchez"
"d01bfc0a-7019-4e0c-94b1-1f2e5de7d6a3","Dana Navarro"
"d0a53881-59db-4721-af96-97a4e50427a0","Sandy Tyler"
"d0e55e84-0952-4cf2-9322-20cb868fe3eb","Debra Khan"
"d101878e-4bbf-480f-97a8-787845617418","Benjamin Thomas"
"d159bd39-20dc-44b3-9680-be5153c60306","Jeanette Bryan"
"d1776529-24ea-4a34-bb7a-56739c319193","Richard Clark"
"d20966a7-90ca-4448-a04e-013c72f6d457","Ashley Martin"
"d26f965c-406b-4df8-94ba-6f2b6573b2e2","Courtney Roberson"
"d27deacb-8635-4da7-869e-ee3f3237910d","Tara Bennett"
"d281fc81-2f98-492a-9c9f-043e5efd713b","Sherri Garcia"
"d2bdd296-35dd-4b43-afd5-1d9da870e1e5","Emily Vargas"
"d2c621b9-9f65-4736-897e-766635145161","Jessica Cooper"
"d352747d-4266-42ae-840a-3017492eea2b","Hannah Rios"
"d39a36cc-ddff-4cfc-84d4-d0b593ef5a16","Amanda Herring"
"d3d882fb-7c6c-4adc-b0af-cb142dc9d709","Christopher Montes"
"d3fb08d8-d66e-49e1-930c-f51967356ea5","Ryan Harris"
"d4eb4281-8d72-4431-bb6d-14e17e861b1e","Melinda Evans"
"d5998b19-92c8-4481-a319-26bbcd7d8692","Dorothy Stephens"
"d61d0283-b735-42bb-add7-1b0c66d655dd","Angela Vaughn"
"d6bb629c-07c5-40dd-ba67-471b3cfb4ca0","Gina Thompson"
"d6c62cae-55d3-44ce-a793-309e3e045c80","Jill Montoya"
"d6caac00-267b-43b7-83fe-dae8a0ba29a2","Devin Hamilton"
"d6fc221a-fade-4fee-a129-01df9007b31c","Barbara Austin"
"d743d9d8-62c7-42ea-b90c-77a5becd078b","Lindsey Scott"
"d7495797-b5aa-4370-a5f2-5b58a8bd1315","Richard Johnson"
"d758a41d-5719-462c-a8e6-ca8578d6559c","Cassandra Martinez"
"d780570f-3b09-475c-b745-4be9b93b7968","John Harris"
"d7b1f908-889c-4afd-9160-79329076d11b","Christopher Roberts"
"d7eb42e8-4ca4-4d81-9531-0874d0021dae","Travis Bond"
"d849fdfb-dec6-4178-b8a2-b403772ddab7","Amy Jackson"
"d85adaee-9709-46f9-af6f-6c4da960f358","Paul Woods"
"d8a0bfbf-48f0-4e65-ad4a-b4f286650a3e","Deborah Johnson"
"d8e24488-28da-44bf-9aee-38367c111179","Cynthia Page"
"d8e69ffc-648a-48e7-9287-cc311a0ac235","Virginia Rogers"
"d93baf9f-1ed4-4276-bc19-d48ddf36c3f8","Walter Daniels"
"d9793a06-fedc-40ac-84e8-c4270f96df5d","Lisa Lewis"
"d97dff0c-10dc-493d-b97f-a61ac83514e7","Troy Roth"
"d9978d45-30da-47f8-99c2-c48b60b49d21","Jennifer Williams"
"da7d7601-5a82-4a10-b042-56497bc1f4e7","Kelly Gilbert"
"daa8323a-7f80-40a2-93e7-9c841ad71a6a","Barbara White"
"dabd7541-ebb7-4eb1-9a6d-e515aef60741","Robert Washington"
"daf54eab-8be6-4c1c-9ca1-5d36642e3d20","Lisa Turner"
"db13d9cc-8faa-4732-9421-9d97af8aa4ba","Danielle Mccormick"
"dc06e1e6-7442-4538-9a56-bce78542350b","Christine Brown"
"dce13fd6-5887-4e5f-98cd-b0f5dfb41650","Albert Murphy"
"dd7deba4-04bf-47ed-b5f8-d341a2a6a29b","Nicole Jones"
"ddb2501e-9add-4a61-9a1c-b62781c29588","Gloria Long"
"de112719-6ad7-4e45-b845-9f34dc2abc30","Jenna Smith"
"deae6cd1-37a6-4c92-9c23-947c60e5eb23","Courtney Walker"
"df7fd396-bf86-46d3-bf9a-3d3044d38e00","Lisa Kidd"
"dfa923ee-141a-413f-bfc5-4819d77b4dbe","Shaun Gomez"
"dff507aa-1fc5-4846-a970-0b75b7783713","Ann Perkins"
"e01889b1-24aa-4c85-aac9-e08d179a9791","Paul Benson"
"e02e0d0d-4194-4277-915f-ccad3a755422","Craig Love"
"e0664039-d2dc-4c3f-8dda-3d24a2e0c09c","Robert Patterson"
"e177330b-8e3c-4aa8-90d7-d7dda1d94adf","Lisa Costa"
"e18bd21d-e77f-4692-8ee7-d2b77d856b21","Nicole Smith"
"e2133cbf-a60c-45c5-b2f2-1528c14de378","Valerie Patton"
"e273a6a4-8246-4faf-b354-23be71e11c8a","Shannon Obrien"
"e374067a-2a78-42df-ac62-e6793979f164","Emily Morales"
"e44c0f93-a767-464c-940c-73c48144ae5b","David Small"
"e4854aa2-f778-400a-8b91-8bf7d9221792","Kristy Patterson"
"e496f017-9f39-45f5-9247-c862d55a43fd","Alan Allison"
"e4c7929e-b078-49cd-a743-527cba59e517","Stephanie Forbes"
"e4fa9e9d-2f06-4cb8-9d08-42b1729c95b1","Jason Hancock"
"e513b2a0-7b98-4763-9ee2-e5ceaefec214","Dylan Henson"
"e57f0df1-42ee-42e7-bfd3-cbb18bcfba9f","Megan Hawkins"
"e5d49682-d1ab-4578-a132-440b7ca67041","Clifford Smith"
"e637c542-af22-4479-a417-451ec8a6a260","Daniel Mckinney"
"e65301d4-e41a-4361-8c03-044ff14918b4","Stacey Erika"
"e76bda22-0b21-4d84-82f3-b33035d453fe","Aaron Avery"
"e77914bb-ec0b-4bfe-813b-e7cadc9f6512","Sarah Walton"
"e77afb3d-fcf4-4a71-a86a-0d3996501b33","Stacey Johnson"
"e7f41233-0e17-47cf-9b62-41316a006153","Gina James"
"e80a362d-6617-4afe-b304-b75f9097c9b8","Paul Reyes"
"e848d221-a58f-4c96-aae3-40ba1e4419b0","Miranda Bennett"
"e930020f-35db-4d7c-ae17-5c162b75a623","Michael Mullins"
"e937931e-cb15-479b-8129-0a33f5ddb864","Mario Love"
"e9592c75-0e4d-4cbd-976a-e976325a5f57","Heather Jones"
"ea51777b-6142-411c-8963-158d4b4f0420","Laura Thompson"
"ea5fca5a-5a38-49aa-9c4f-1fbf43403e1b","Shirley Gray"
"eac1ea2f-ff0b-41fa-a374-e20de1d27437","Rachael Church"
"eae2849f-bbf3-43a5-a8df-622e6078efb1","Crystal Ramirez"
"eaff9948-aaf1-4591-81da-6657b10f31c2","Tyler Lloyd"
"ebc04cc6-ec25-48f9-81e3-0508b3814881","Rachael Martinez"
"ebd5d0a9-177c-41b6-89ee-a1406535fb6e","Joel Rangel"
"ecc7618f-5618-4baf-a543-4a5d10e053ed","Vanessa Lewis"
"ed721eef-6aba-4595-83a2-0bb3cb6e67f0","Amy Vazquez"
"ed891034-1700-4129-a574-476edfebd007","Tracy Medina"
"f06a73af-b440-4022-b905-d292233c7350","Jennifer Molina"
"f084b24e-fcf3-4c9a-8825-a22c9e603f18","Dennis Hernandez"
"f0c7b2e0-a02a-45db-94ee-65b8de4f0d7b","Susan Mcdonald"
"f0d945e2-26fe-4a7e-9adc-a2bfe1f73b28","Kristina Cochran"
"f1704e52-53e7-4b49-b08f-f455d9cf1f06","Timothy Maynard"
"f2830da5-ba8e-4455-880d-1bfaf40528c8","Angela Ward"
"f2d5df1b-b5a6-4216-9e10-37f8bb1c94df","Shane Bennett"
"f307fee9-c618-462a-b2dd-a03e3e97db7a","Marissa Ayala"
"f30aab8a-2610-4691-b99a-b5762e477931","Angela Carter"
"f3269d2d-0f75-4116-9899-6841f7994369","Amanda Morris"
"f33b1006-171d-4512-b5d8-30b0b210e5db","Debbie Mcdaniel"
"f34db592-eda0-458c-a52a-4ad4102c1595","Alan Church"
"f366d2e8-4d94-43e7-be8f-b1599d084f76","Tyler Cabrera"
"f39083eb-854a-423e-80db-6a2f894bf3f8","Theresa Matthews"
"f3a7ec51-38cf-4b68-9a05-edf3a10635f8","Gloria Evans"
"f3d57f61-3f98-453a-88b5-431be230171e","Sherri Vaughn"
"f40f32c4-bab7-42b8-b629-1b1519bc7c89","Elizabeth Martinez"
"f44c89e9-8f95-4148-8af4-881243161b7e","Jenna Mcdonald"
"f473d461-5c06-4a72-be32-53ae77d37673","William Reyes"
"f479a0d0-84d3-40c2-a963-7cae89831a5c","Calvin Johnson"
"f48df115-edad-4951-b793-2f4a676ba7e8","Andrew King"
"f4994192-ee9f-49f8-988b-f304689349a3","Timothy Williams"
"f5b27faa-6696-436b-9021-32a33059a357","Donna Cobb"
"f5bd7b42-3025-4fad-a1c3-420df3dea8de","John Chavez"
"f7e8fd30-fa54-4b76-a74f-06607cf12fba","Amber Reeves"
"f8b91042-6db7-4550-824f-1d912e6280ca","Brianna Smith"
"f93e85dc-96cb-4b6e-bf81-40370744d17f","Nicholas Rowe"
"f96a0400-495b-4a57-b6f3-d0d40e0df3fa","Abigail Pope"
"f9abb4d2-852b-4367-b658-9867fc8b92c7","Kristina Boyd"
"f9d1a8b8-1006-4e32-ba07-31c012148b5e","Christopher Anderson"
"f9d56c17-d8b1-42ca-8574-215ddef17a0b","Jamie Jones"
"f9dbf02e-25f6-4e68-9aef-a569c34e6682","Lori Hernandez"
"fa0c658b-595e-414f-8433-f9e839f1068f","Jonathan Hernandez"
"fa7dad23-a9c1-44fb-9167-a285552f76de","James Price"
"fa97cfc2-983d-4164-a492-d6dc79f50fe8","Vincent Kennedy"
"fab8c7f9-17b9-4e68-ab0e-22312e1b84d0","Brianna Thomas"
"fac0c8b1-0ad3-40b3-925a-4dfe2e6adcd3","Rhonda Marquez"
"fad4c7c1-7085-4368-bedb-e0fce9e4bea6","Amanda Howard"
"fc0d5ad6-4c44-4c04-ab05-66ed46569990","Debra Garcia"
"fc6d3c81-5c08-4a96-8165-b2e1a492bc40","Amy Leonard"
"fcab20fa-12ab-436b-9666-5da8807b8aeb","Lauren Acevedo"
"fd2751dd-e2a2-4252-9769-52a7a689274c","Tonya Brown"
"fdb09404-b696-45c4-823e-a3414ceec857","Carla Black"
"fdb74fb3-a683-4f9d-9d11-cd3763caa1f8","Jamie Ramirez"
"fdf3aaab-88a7-44a5-9ffe-d06352e9c18a","Dana Bryant"
"fe3f394b-434a-42e9-af8e-76f54e32c8f7","Rebecca White"
"fea5b950-9096-4c6f-9d4e-c8a583ddb3f2","Sara Wiggins"
"ff2a9a44-268d-49b6-b2fe-1dc6b8c02b47","Richard Stevens"
"ffd1fbe8-c938-4bb4-84dc-f88cdaa2e4dd","Debra Smith"
"ffe7f4f5-24c5-4b96-bc06-3e4b8876f39f","Sonya Powers"